[

    {
        "key": "alt+oem_1",
        "command": "workbench.action.files.save"
    },
    {
        "key": "alt+v",
        "command": "cursorBottom",
        "when": "editorTextFocus"
    },
    {
        "key": "shift+alt+v",
        "command": "cursorBottomSelect",
        "when": "editorTextFocus"
    },
    {
        "key": "alt+x",
        "command": "cursorDown",
        "when": "editorTextFocus"
    },
    {
        "key": "shift+alt+x",
        "command": "cursorDownSelect",
        "when": "editorTextFocus"
    },
    {
        "key": "alt+f",
        "command": "cursorEnd",
        "when": "editorTextFocus"
    },
    {
        "key": "shift+alt+f",
        "command": "cursorEndSelect",
        "when": "editorTextFocus"
    },
    {
        "key": "alt+a",
        "command": "cursorHome",
        "when": "editorTextFocus"
    },
    {
        "key": "shift+alt+a",
        "command": "cursorHomeSelect",
        "when": "editorTextFocus"
    },
    {
        "key": "alt+s",
        "command": "cursorLeft",
        "when": "editorTextFocus"
    },
    {
        "key": "shift+alt+s",
        "command": "cursorLeftSelect",
        "when": "editorTextFocus"
    },
    {
        "key": "alt+c",
        "command": "cursorPageDown",
        "when": "editorTextFocus"
    },
    {
        "key": "shift+alt+c",
        "command": "cursorPageDownSelect",
        "when": "editorTextFocus"
    },
    {
        "key": "alt+r",
        "command": "cursorPageUp",
        "when": "editorTextFocus"
    },
    {
        "key": "shift+alt+r",
        "command": "cursorPageUpSelect",
        "when": "editorTextFocus"
    },
    {
        "key": "alt+d",
        "command": "cursorRight",
        "when": "editorTextFocus"
    },
    {
        "key": "shift+alt+d",
        "command": "cursorRightSelect",
        "when": "editorTextFocus"
    },
    {
        "key": "alt+t",
        "command": "cursorTop",
        "when": "editorTextFocus"
    },
    {
        "key": "shift+alt+t",
        "command": "cursorTopSelect",
        "when": "editorTextFocus"
    },
    {
        "key": "alt+e",
        "command": "cursorUp",
        "when": "editorTextFocus"
    },
    {
        "key": "shift+alt+e",
        "command": "cursorUpSelect",
        "when": "editorTextFocus"
    },
    {
        "key": "alt+m",
        "command": "expandLineSelection",
        "when": "editorTextFocus"
    },
    {
        "key": "alt+l",
        "command": "editor.action.nextMatchFindAction",
        "when": "editorFocus"
    },
    {
        "key": "alt+o",
        "command": "editor.action.previousMatchFindAction",
        "when": "editorFocus"
    },
    {
        "key": "alt+enter",
        "command": "editor.action.insertLineBefore",
        "when": "editorTextFocus && !editorReadonly"
    },
    {
        "key": "alt+'",
        "command": "workbench.action.files.saveAll"
    },
    {
        "key": "ctrl+k s",
        "command": "-workbench.action.files.saveAll"
    },
    {
        "key": "alt+b",
        "command": "editor.debug.action.toggleBreakpoint",
        "when": "editorTextFocus"
    },
    {
        "key": "f9",
        "command": "-editor.debug.action.toggleBreakpoint",
        "when": "editorTextFocus"
    },
    {
        "key": "f9",
        "command": "workbench.action.debug.stepInto",
        "when": "inDebugMode"
    },
    {
        "key": "alt+k",
        "command": "editor.action.clipboardCopyAction",
        "when": "editorTextFocus"
    },
    {
        "key": "alt+n",
        "command": "editor.action.copyLinesDownAction",
        "when": "editorTextFocus && !editorReadonly"
    },
    {
        "key": "alt+i",
        "command": "editor.action.clipboardPasteAction",
        "when": "editorTextFocus && !editorReadonly"
    },
    {
        "key": "alt+u",
        "command": "editor.action.clipboardCutAction",
        "when": "editorTextFocus && !editorReadonly"
    },
    {
        "key": "alt+y",
        "command": "editor.action.deleteLines",
        "when": "editorTextFocus && !editorReadonly"
    },
    {
        "key": "alt+g",
        "command": "deleteRight",
        "when": "editorTextFocus && !editorReadonly"
    },
    {
        "key": "alt+p",
        "command": "deleteAllRight"
    },
    {
        "key": "alt+q",
        "command": "actions.find"
    },
    {
        "key": "ctrl+oem_5",
        "command": "workbench.action.terminal.new"
    },
    {
        "key": "alt+oem_period",
        "command": "editor.action.moveLinesDownAction",
        "when": "editorTextFocus && !editorReadonly"
    },
    {
        "key": "alt+oem_comma",
        "command": "editor.action.moveLinesUpAction",
        "when": "editorTextFocus && !editorReadonly"
    },
    {
        "key": "alt+oem_2",
        "command": "editor.action.commentLine",
        "when": "editorTextFocus && !editorReadonly"
	},
	{
		"key": "alt+z",
		"command": "-editor.action.toggleWordWrap"
	},
	{
		"key": "alt+z",
		"command": "workbench.action.toggleMenuBar"
    },
    {
        "key": "alt+0",
        "command": "-workbench.action.lastEditorInGroup"
    },
    {
        "key": "alt+0",
        "command": "extension.testSwitch",
        "when": "editorTextFocus"
    },
    {
        "key": "alt+t",
        "command": "-extension.testSwitch",
        "when": "editorTextFocus"
    },
    {
        "key": "alt+8",
        "command": "extension.switchStyle"
    },
    {
        "key": "alt+i",
        "command": "-extension.switchStyle"
    },
    {
        "key": "alt+9",
        "command": "extension.switchTemplate"
    },
    {
        "key": "alt+o",
        "command": "-extension.switchTemplate"
    },
    {
        "key": "alt+0",
        "command": "extension.switchTS"
    },
    {
        "key": "alt+u",
        "command": "-extension.switchTS"
    },
    {
        "key": "alt+p",
        "command": "-extension.switchSpec"
    }
    
]